{
	"interactionModel": {
		"languageModel": {
			"invocationName": "Alkolexa",
			"intents": [
				{
					"name": "AMAZON.CancelIntent",
					"samples": []
				},
				{
					"name": "AMAZON.HelpIntent",
					"samples": []
				},
				{
					"name": "AMAZON.StopIntent",
					"samples": []
				},
				{
					"name": "AMAZON.PauseIntent",
					"samples": []
				},
				{
					"name": "AMAZON.ResumeIntent",
					"samples": []
				},
				{
					"name": "SetContactEmergencyIntent",
					"slots": [
						{
							"name": "Contact",
							"type": "LIST_OF_CONTACTS"
						}
					],
					"samples": [
						" Mein Notfallkontakt ist {Contect}",
						" Mir hilft {Contect}"
					]
				},
				{
					"name": "GetEmergencyContactIntent",
					"slots": [],
					"samples": [
						"was ist mein Notfallkontakt",
						"wer ist mein Notfallkontakt",
						"nach meinem Notfallkontakt"
					]
				},
				{
					"name": "SetEmergencyContactIntent",
					"slots": [],
					"samples": [
						"<UNDEFINED>"
					]
				}
			],
			"types": [
				{
					"name": "LIST_OF_CONTACTS",
					"values": [
						{
							"name": {
								"value": "MEIN CONTACT 1"
							}
						},
						{
							"name": {
								"value": "MEIN CONTACT 2"
							}
						}
					]
				}
			]
		}
	}
}