{
  "interactionModel": {
    "languageModel": {
      "invocationName": "lieblingsfarbe",
      "intents": [
        {
          "name": "AMAZON.CancelIntent",
          "samples": []
        },
        {
          "name": "AMAZON.HelpIntent",
          "samples": []
        },
        {
          "name": "AMAZON.StopIntent",
          "samples": []
        },
        {
          "name": "MyColorIsIntent",
          "slots": [
            {
              "name": "Color",
              "type": "LIST_OF_COLORS"
            }
          ],
          "samples": [
            " Meine Lieblingsfarbe ist {Color}",
            " Ich mag {Color}"
          ]
        },
        {
          "name": "WhatsMyColorIntent",
          "slots": [],
          "samples": [
            "was ist meine Lieblingsfarbe",
            "welche Farbe mag ich am liebsten",
            "sag mir meine Lieblingsfarbe"
          ]
        },
        {
          "name": "AMAZON.PauseIntent",
          "samples": []
        },
        {
          "name": "AMAZON.ResumeIntent",
          "samples": []
        }
      ],
      "types": [
        {
          "name": "LIST_OF_COLORS",
          "values": [
            {
              "name": {
                "value": "grün"
              }
            },
            {
              "name": {
                "value": "blau"
              }
            },
            {
              "name": {
                "value": "lila"
              }
            },
            {
              "name": {
                "value": "rot"
              }
            },
            {
              "name": {
                "value": "orange"
              }
            },
            {
              "name": {
                "value": "rosa"
              }
            },
            {
              "name": {
                "value": "türkis"
              }
            },
            {
              "name": {
                "value": "gelb"
              }
            }
          ]
        }
      ]
    }
  }
}